Aberdeen City ,Scotland
Aberdeenshire ,Scotland
Angus Council ,Scotland
Argyll and Bute Council ,Scotland
Clackmannanshire ,Scotland
Dumfries and Galloway,Scotland
Dundee City Council ,Scotland
East Ayrshire Council ,Scotland
East Dunbartonshire Council ,Scotland
East Lothian Council ,Scotland
East Renfrewshire Council,Scotland
Edinburgh Falkirk ,Scotland
Fermanagh and Omagh ,NI
Fife ,Scotland
Glasgow City ,Scotland
Highland Council ,Scotland
Inverclyde ,Scotland
Lisburn and Castlereagh,NI
Midlothian ,Scotland
Na h-Eileanan an Iar ,Scotland
Moray ,Scotland
North Lanarkshire ,Scotland
Orkney ,Scotland
Perth and Kinross ,Scotland
Renfrewshire ,Scotland
Scottish Borders,Scotland
Shetland Islands ,Scotland
South Ayrshire Council ,Scotland
South Lanarkshire ,Scotland
Stirling ,Scotland
West Dunbartonshire Council ,Scotland
West Lothian,Scotland
Antrim and Newtownabbey Armagh City,NI
Banbridge and Craigavon,NI
Belfast,NI
Causeway Coast and Glens,NI
Derry and Strabane ,NI
Mid Ulster,NI
Newry,NI
Mourne and Down,NI
